GWBasin,1901,1902,1903,1904,1905,1906,1907,1908,1909,1910,1911,1912,1913,1914,1915,1916,1917,1918,1919,1920,1921,1922,1923,1924,1925,1926,1927,1928,1929,1930,1931,1932,1933,1934,1935,1936,1937,1938,1939,1940,1941,1942,1943,1944,1945,1946,1947,1948,1949,1950,1951,1952,1953,1954,1955,1956,1957,1958,1959,1960,1961,1962,1963,1964,1965,1966,1967,1968,1969,1970,1971,1972,1973,1974,1975,1976,1977,1978,1979,1980,1981,1982,1983,1984,1985,1986,1987,1988,1989,1990,1991,1992,1993,1994,1995,1996,1997,1998,1999,2000,2001,2002,2003,2004,2005,2006,2007,2008,2009,2010,2011,2012,2013,2014,2015,2016,2017,2018,2019,2020,2021,2022
SANTA CRUZ AMA,17.34,16.93,16.89,17.02,16.14,16.51,16.53,16.32,16.82,17.76,16.57,15.49,15.84,16.9,16.12,16.85,16.61,16.67,15.94,16.05,16.88,16.4,15.76,16.19,16.64,17.37,17.71,17.59,16.91,17.09,17.22,17.22,17.49,18.34,17.12,18.02,17.57,17.46,17.43,17.95,16.9,17.56,18.3,16.68,16.22,16.53,16.54,16.42,16.13,17.44,16.63,16.36,16.48,17.39,15.98,16.63,16.84,16.8,16.81,16.6,16.57,16.93,16.96,15.57,16.28,16.57,16.64,16.43,16.83,16.63,16.17,16.83,16.06,16.65,16.01,16.19,16.92,16.87,16.49,17.26,17.53,16.64,16.22,16.45,16.51,17.17,16.12,16.65,17.59,16.62,16.33,16.62,16.88,17.25,17.33,17.75,17.13,16.51,17.31,17.56,16.97,17.41,17.78,16.81,17.56,17.43,17.42,17.14,17.76,17.14,17.33,17.84,17.2,17.92,17.57,17.83,18.47,17.9,17.03,18.2,17.63,17.25
SAN BERNARDINO VALLEY,16.19,16.03,15.59,15.95,15.57,15.92,15.99,15.73,15.93,16.94,15.73,14.69,15.07,16.15,15.27,16.09,15.73,15.54,15.16,15.19,16.04,15.75,15.26,15.72,15.76,15.79,16.39,16.02,15.39,15.51,15.61,15.64,16.3,17.12,15.88,16.41,16.11,15.78,15.52,15.84,15.41,15.83,16.69,15.28,15.92,16.3,16.19,16.09,15.49,16.74,16.08,16.02,16.13,16.97,15.5,15.99,16,16.06,16.11,15.86,15.93,16.22,16.13,14.94,15.67,15.57,15.8,15.35,16.1,15.68,15.58,16.11,15.42,15.73,15.13,15.07,15.91,15.84,15.47,16.04,16.43,15.93,15.38,15.64,15.65,16.03,15.17,15.68,16.45,15.71,15.25,15.4,15.95,16.67,16.56,17,16.34,15.99,16.34,16.78,16.25,16.71,17.2,15.98,16.76,16.67,16.59,16.41,16.83,16.2,16.63,17.37,16.23,17.08,16.82,16.99,17.57,17.15,16.25,17.45,17.04,16.3
SAN RAFAEL,15.04,14.8,14.7,14.91,13.72,14.34,14.27,14.2,14.83,15.62,14.48,13.44,13.77,14.73,14.04,14.76,14.8,14.64,13.98,13.9,14.85,14.48,13.58,13.52,14.16,14.87,15.13,14.91,14.2,14.68,14.93,14.88,15.22,16.15,14.86,15.56,15.32,15.25,15.02,15.41,14.5,15.22,16.02,14.42,14.1,14.47,14.27,14.14,13.63,15.35,14.28,13.9,14.03,14.65,13.22,14.16,14.64,14.48,14.65,14.3,14.37,14.65,14.63,13.23,13.95,14.11,14.3,14.05,14.54,14.24,13.91,14.62,13.99,14.33,13.69,13.78,14.68,14.59,14.31,14.92,15.14,14.48,14.08,14.31,14.27,14.78,13.85,14.48,15.42,14.53,14.09,14.28,14.82,15.19,15.16,15.75,14.97,14.68,15.04,15.21,14.73,15.22,15.62,14.48,15.34,15.2,15.06,14.89,15.46,14.64,15.06,15.73,15.02,15.78,15.34,15.64,16.39,15.91,14.89,16.25,15.55,15.06
TIGER WASH,18.58,18.07,18.05,18.98,18.49,18.18,18.46,18.14,17.73,19.16,17.62,17.17,17.68,19.17,17.92,18.2,18.18,18.28,18.06,17.63,18.69,17.99,17.82,18.15,18.38,18.89,18.67,18.98,18.48,18.4,18.91,18.36,18.53,20.19,18.37,19.45,18.72,18.78,18.8,19.86,17.85,18.68,19.52,18.21,18.4,18.63,18.92,18.34,18.2,19.36,18.39,18.39,18.78,19.71,18.2,18.96,18.99,19.51,19.57,19,19.21,19.2,19.09,18.08,18.34,19.03,18.74,18.71,19.05,18.59,17.89,19.08,18.29,18.82,18.19,18.7,19.36,18.98,18.4,19.19,19.86,18.2,18.47,18.84,18.67,19.26,18.92,19.37,19.9,19.05,18.98,19.21,18.96,19.4,19.74,20.22,19.67,18.47,19.58,20.06,19.94,19.95,20.27,19.65,19.72,19.85,20.1,19.74,20.09,19.38,19.39,20.22,19.49,20.29,20.09,20.65,20.93,20.46,19.29,20.98,20.66,20.15
VIRGIN RIVER,16.49,15.47,15.07,15.96,15.5,15.64,16.19,15.52,15.31,17.06,15.28,14.68,14.85,15.99,15.44,15.28,15.31,15.81,15.5,15.22,16.48,15.59,15.23,15.64,15.76,16.54,16.09,16.29,15.76,15.58,16.15,15.52,15.68,17.62,15.92,16.48,15.65,15.76,16.17,16.81,15.13,15.85,16.5,15.32,15.69,15.79,16.28,15.27,15.47,16.97,15.88,15.84,16.15,16.68,15.43,16.11,16.1,16.33,16.53,16.27,15.75,16.09,15.97,15,15.1,16.19,15.81,15.85,16.07,16.05,15.29,15.88,15.46,16.29,15.18,15.97,16.54,15.98,15.78,16.37,17.3,15.46,15.93,16.17,16.28,16.9,16.14,16.44,16.85,16.08,15.68,16.47,16.02,16.85,17.12,17.58,16.93,15.71,16.87,17.37,17.4,17.33,17.83,17.01,17.06,17.17,17.77,16.95,17.19,16.77,16.25,17.79,16.78,17.94,18,17.72,17.89,17.89,16.43,17.97,17.83,17.14
SHIVWITS PLATEAU,14.3,13.17,12.68,13.84,13.21,13.29,13.9,13.43,13.09,14.74,13.13,12.55,12.75,13.9,13.25,13.04,13.14,13.34,13.15,13.03,14.2,13.48,13.08,13.51,13.42,14.13,13.84,14.15,13.61,13.47,13.91,13.3,13.48,15.38,13.63,14.27,13.43,13.48,13.78,14.39,12.69,13.6,14.23,13,13.36,13.65,13.95,13.09,13.01,14.52,13.37,13.42,13.84,14.5,13.18,14.02,13.7,14.29,14.22,13.87,13.5,13.87,13.83,12.81,12.95,13.9,13.29,13.39,13.68,13.63,12.96,13.61,12.97,13.83,12.74,13.44,13.99,13.45,13.28,13.9,14.91,13.03,13.63,13.63,13.9,14.34,13.49,13.86,14.32,13.59,13.29,13.95,13.54,14.11,14.34,14.81,14.14,13.11,14.25,14.82,14.76,14.64,14.97,14.13,14.26,14.24,14.83,13.95,14.15,13.8,13.4,14.85,13.8,15.03,14.75,14.74,15.1,14.99,13.48,15.2,14.89,14.12
KANAB PLATEAU,12.46,11.17,10.68,11.83,11.02,11.23,11.78,11.36,11.1,12.7,11.22,10.54,10.86,11.91,11.25,11.07,11.15,11.48,11.22,11.15,12.15,11.64,11.25,11.44,11.41,12.08,11.81,12.02,11.57,11.45,11.95,11.34,11.49,13.4,11.75,12.28,11.37,11.49,11.89,12.42,10.89,11.69,12.35,11.07,11.39,11.76,11.95,11.26,10.87,12.39,11.27,11.36,11.93,12.58,11.27,12.02,11.6,12.32,12.15,11.69,11.34,11.75,11.85,10.85,11.01,11.9,11.24,11.19,11.58,11.57,11.05,11.77,11.03,11.85,10.72,11.54,12.09,11.51,11.14,11.97,13.03,11.08,11.63,11.65,11.89,12.42,11.41,11.94,12.24,11.71,11.39,11.74,11.53,12.16,12.3,12.76,12,11.24,12.24,12.87,12.52,12.44,13.01,12.09,12.25,12.31,12.79,11.89,12.06,11.79,11.49,13.03,11.8,13,12.6,12.73,13.24,13.08,11.54,13.15,12.91,12.19
LITTLE COLORADO RIVER PLATEAU,11.32,10.66,10.04,10.74,10.24,10.73,11.07,10.37,10.37,11.7,10.6,9.58,9.6,11.01,10.15,10.72,10.33,10.44,9.99,10.12,11.34,10.62,10.1,10.26,10.81,11.09,11.07,10.88,10.22,10.23,10.55,10.21,10.42,12.31,10.82,11.4,10.68,10.96,11.23,11.73,10.51,10.83,11.79,10.39,10.59,11.2,11,10.68,10.31,11.75,10.75,10.58,10.85,11.75,10.44,10.85,10.98,11.48,11.3,10.88,10.56,10.87,11.16,10.14,10.38,11.05,10.54,9.95,11.05,10.59,10.34,11.1,10.25,10.88,9.76,10.54,11.22,11.17,10.37,11.19,11.93,10.48,10.8,10.82,11.09,11.52,10.71,11.17,11.74,11,10.67,10.58,11.01,11.52,11.65,12.12,11.12,10.98,11.35,12.07,11.84,11.58,12.24,11.41,11.89,11.61,11.89,11.12,11.32,11.13,10.83,12.15,10.83,12.17,11.98,12.07,12.75,12.43,11.3,12.39,12.21,11.68
PARIA,13.07,12.04,11.44,12.45,11.49,11.77,12.25,11.74,11.65,13.32,11.5,10.78,11.26,12.23,11.47,11.48,11.75,12.13,11.79,11.61,12.59,11.8,11.46,11.76,11.93,12.48,12.23,12.33,11.77,11.67,12.38,11.68,11.82,13.69,12.18,12.69,11.91,12.07,12.41,12.84,11.33,12.22,12.91,11.55,11.92,12.31,12.43,11.81,11.55,12.79,11.94,12.04,12.46,13.14,11.88,12.69,11.97,12.78,12.82,12.21,11.68,12.24,12.19,11.32,11.33,12.13,11.52,11.12,11.93,11.74,11.36,12.17,11.36,12.11,11.11,12,12.78,12.21,11.52,12.44,13.17,11.38,11.95,12.2,12.47,12.83,12.06,12.75,13,12.4,11.89,12.1,12.1,12.8,12.93,13.35,12.43,11.88,12.8,13.53,13.23,13.13,13.62,12.53,12.78,12.84,13.35,12.56,12.74,12.41,12.26,13.94,12.46,13.71,13.18,13.32,13.97,13.72,12.22,13.73,13.48,12.87
GRAND WASH,16.23,15.14,14.73,15.69,15.15,15.1,15.68,15.26,14.9,16.59,14.98,14.55,14.74,15.82,15.02,14.86,15.09,15.38,15.08,14.88,16.15,15.32,14.95,15.42,15.39,16.05,15.72,16,15.42,15.28,15.68,15.07,15.23,17.1,15.36,16.05,15.25,15.28,15.62,16.3,14.52,15.36,15.99,14.77,15.2,15.34,15.83,14.84,14.98,16.48,15.41,15.18,15.45,16.15,14.82,15.54,15.52,16,16.03,15.71,15.26,15.73,15.61,14.66,14.7,15.62,15.23,15.32,15.54,15.46,14.8,15.35,14.87,15.59,14.59,15.25,15.88,15.3,15.11,15.71,16.79,14.81,15.39,15.55,15.68,16.28,15.4,15.93,16.47,15.6,15.26,15.98,15.51,16.18,16.56,17.15,16.33,15.21,16.48,16.92,16.93,16.82,17.11,16.33,16.49,16.47,17.05,16.27,16.53,16.07,15.58,17.05,16.11,17.33,17.16,17.09,17.36,17.31,15.8,17.47,17.29,16.6
COCONINO PLATEAU,11.92,10.74,10.33,11.85,10.91,10.84,11.34,10.77,10.59,12.03,10.75,10.07,10.44,11.69,10.75,10.77,10.79,10.88,10.59,10.63,11.65,11.06,10.64,10.91,10.94,11.5,11.41,11.49,11.01,10.85,11.31,10.74,10.92,12.72,11.19,11.74,10.99,11.12,11.43,12.02,10.52,11.25,11.96,10.66,11.05,11.52,11.63,11.11,10.49,12.19,11.09,10.81,11.33,12.05,10.89,11.55,11.38,11.97,11.87,11.48,11.14,11.49,11.61,10.5,10.6,11.33,10.88,10.76,11.19,11.17,10.69,11.31,10.71,11.59,10.5,11.1,11.61,11.28,10.66,11.55,12.5,10.8,11.37,11.42,11.65,11.94,10.82,11.39,11.96,11.1,10.97,11.19,11.28,11.61,11.89,12.37,11.46,10.71,11.65,12.26,11.98,11.98,12.5,11.58,11.87,11.8,12.26,11.5,11.6,11.34,11.12,12.35,11.28,12.6,12.24,12.39,12.91,12.62,11.25,12.79,12.49,11.94
HUALAPAI VALLEY,17.03,15.9,15.82,16.91,16.24,16.3,16.67,16.2,15.7,17.34,16.06,15.73,15.79,16.93,15.99,15.99,16.23,16.42,16.06,15.58,17.33,16.38,16.06,16.58,16.43,16.77,16.93,17.19,16.39,16.06,16.65,15.97,16.45,18.14,16.55,17.19,16.35,16.43,16.63,17.26,15.4,16.38,17.18,15.96,16.54,16.97,17.27,15.97,15.94,17.37,16.17,16.12,16.35,17.2,15.85,16.6,16.58,17.13,17.14,16.83,16.68,16.99,16.82,15.86,15.99,16.77,16.51,16.58,16.73,16.5,15.87,16.51,15.99,16.53,15.68,16.25,16.86,16.32,16.09,16.83,17.75,15.74,16.3,16.53,16.47,17.17,16.5,17.04,17.59,16.59,16.34,16.93,16.5,17.11,17.4,18.08,17.24,16.03,17.39,17.9,17.73,17.7,18.01,17.26,17.2,17.39,17.87,17.23,17.33,16.91,16.58,17.84,16.96,18.09,17.92,18.09,18.34,18.28,16.86,18.31,18.23,17.68
MEADVIEW,17.9,16.88,16.47,17.71,16.89,16.8,17.38,17.13,16.62,18.23,16.63,16.34,16.43,17.55,16.75,16.6,16.89,16.92,16.72,16.48,17.78,17.08,16.69,17.32,17.12,17.66,17.55,17.84,17.16,17.06,17.39,16.76,16.93,18.8,16.96,17.75,17,16.89,17.1,17.84,15.93,16.98,17.58,16.22,16.67,17.06,17.38,16.45,16.57,18.04,16.74,16.59,16.69,17.51,16.17,16.98,16.98,17.65,17.74,17.31,17.06,17.52,17.13,16.18,16.11,16.94,16.58,16.69,16.86,16.71,16.14,16.56,16.09,16.63,15.74,16.25,16.92,16.38,16.31,16.91,18.01,15.92,16.74,16.93,17.26,17.78,16.95,17.47,18.06,17.13,16.74,17.39,16.96,17.6,18.02,18.68,17.81,16.64,18.2,18.52,18.53,18.41,18.58,17.61,17.82,17.44,17.9,17.44,17.7,17.49,16.94,18.25,17.14,18.56,18.58,18.55,18.8,18.81,17.28,19.03,18.84,18.38
DETRITAL VALLEY,18.78,17.57,17.43,18.56,17.91,17.96,18.32,17.79,17.32,18.92,17.64,17.27,17.45,18.53,17.61,17.65,17.89,18.07,17.76,17.35,18.8,17.98,17.74,18.28,18.17,18.65,18.6,18.8,18.21,17.96,18.32,17.72,18.04,19.86,18.16,18.82,18.06,18.07,18.25,18.99,17.09,18.07,18.73,17.43,17.94,18.37,18.86,17.56,17.65,19.06,17.79,17.71,17.99,18.86,17.53,18.27,18.17,18.8,18.88,18.53,18.29,18.62,18.43,17.53,17.51,18.38,18.26,18.41,18.6,18.31,17.64,18.2,17.76,18.29,17.4,17.97,18.59,18.01,17.76,18.46,19.46,17.41,17.92,18.24,18.21,19.01,18.27,18.83,19.35,18.46,18.1,18.66,18.24,18.93,19.24,19.96,19.23,17.96,19.19,19.78,19.69,19.5,19.79,19.1,19.11,19.22,19.68,19.13,19.21,18.64,18.27,19.69,18.75,19.87,19.79,19.82,20.26,20.03,18.59,20,20.04,19.68
LAKE MOHAVE,21.13,19.9,19.93,21.08,20.38,20.32,20.66,20.08,19.49,21.37,20.12,19.73,19.8,20.87,19.78,19.95,20.21,20.35,20.11,19.5,21.05,20.23,20.07,20.62,20.58,20.98,20.85,21.14,20.54,20.32,20.68,20.11,20.45,22.2,20.48,21.25,20.43,20.52,20.66,21.5,19.59,20.61,21.29,19.93,20.4,20.86,21.38,20.01,19.83,21.24,19.91,19.97,20.33,21.39,20.16,20.88,20.77,21.55,21.49,21.04,20.86,21.26,20.92,20.06,20.07,21.01,20.8,20.94,21.22,20.77,20.12,20.71,20.31,20.82,19.94,20.46,21.08,20.54,20.19,20.95,21.95,20.01,20.45,20.86,20.73,21.47,20.84,21.39,21.98,21.17,20.76,21.35,20.84,21.61,21.97,22.68,22.03,20.67,21.91,22.41,22.15,22.06,22.3,21.67,21.67,21.95,22.23,21.66,21.76,21.2,20.89,22.19,21.3,22.45,22.35,22.39,22.71,22.67,21.2,22.48,22.13,21.89
PEACH SPRINGS,14.34,13.46,12.97,14.19,13.33,13.39,13.84,13.4,12.97,14.51,13.17,12.7,12.77,14.03,13.03,12.99,13.26,13.35,13.04,12.77,14.28,13.48,13.03,13.58,13.49,13.9,13.88,14.24,13.44,13.27,13.73,13.13,13.44,15.2,13.57,14.28,13.41,13.49,13.68,14.33,12.61,13.48,14.22,12.96,13.42,13.87,14.22,13.28,13.04,14.47,13.27,13.25,13.56,14.38,12.97,13.85,13.7,14.22,14.31,13.94,13.79,14.01,13.91,12.78,12.91,13.69,13.26,13.12,13.37,13.23,12.61,13.32,12.77,13.39,12.58,13.17,13.69,13.34,13.07,13.79,14.69,12.82,13.41,13.53,13.7,14.02,13.3,13.79,14.36,13.37,13.21,13.77,13.56,13.93,14.26,14.81,14,12.93,14.23,14.62,14.46,14.45,14.75,13.98,14.17,14.26,14.68,14.01,14.13,13.69,13.44,14.67,13.83,14.92,14.66,14.79,15.15,14.98,13.56,15.2,14.92,14.34
VERDE RIVER,13.06,12.16,11.92,13.48,12.71,12.42,12.8,12.45,12.04,13.42,12,11.41,11.52,13.08,12.02,12.17,12.21,12.33,12,12.02,13.22,12.38,11.82,12.26,12.68,12.88,12.83,13.03,12.34,12.15,12.68,12.13,12.36,14.23,12.59,13.25,12.43,12.67,12.84,13.51,12,12.67,13.36,11.95,12.33,12.88,13.08,12.67,12.13,13.71,12.44,12.09,12.54,13.32,12,12.69,12.59,13.04,13.05,12.78,12.68,12.87,12.91,11.71,11.93,12.67,12.33,12.07,12.49,12.23,11.73,12.53,11.88,12.59,11.76,12.29,12.9,12.69,12.12,12.95,13.59,12.08,12.39,12.67,12.75,13.01,12.35,12.9,13.49,12.41,12.49,12.57,12.69,12.95,13.26,13.73,12.94,12.05,13.16,13.67,13.4,13.63,13.9,13.09,13.47,13.48,13.84,13.29,13.5,13.06,13.02,14,13.08,14.21,13.98,14.14,14.7,14.25,13.05,14.49,14.11,13.81
BIG SANDY,14.61,13.6,13.35,14.46,13.89,13.82,14.25,13.81,13.31,14.87,13.6,13.17,13.21,14.46,13.48,13.52,13.72,13.94,13.54,13.21,14.85,13.94,13.46,13.99,14.02,14.33,14.39,14.75,13.96,13.68,14.26,13.56,14,15.65,14,14.76,13.93,14.08,14.27,14.94,13.13,13.96,14.75,13.48,13.91,14.45,14.69,13.77,13.38,14.77,13.56,13.58,13.92,14.74,13.33,14.13,14.11,14.59,14.61,14.25,14.3,14.38,14.35,13.23,13.51,14.21,13.85,13.69,13.98,13.75,13.12,13.94,13.39,13.9,13.2,13.77,14.32,14.04,13.65,14.43,15.18,13.37,13.79,14,13.97,14.37,13.78,14.31,14.95,13.89,13.86,14.29,14.07,14.44,14.8,15.31,14.47,13.45,14.83,15.2,14.92,14.96,15.2,14.51,14.78,14.89,15.27,14.63,14.69,14.2,14.04,15.13,14.45,15.42,15.18,15.4,15.76,15.57,14.27,15.76,15.53,14.98
SACRAMENTO VALLEY,18.49,17.3,17.29,18.4,17.83,17.8,18.18,17.63,17.06,18.77,17.5,17.18,17.4,18.5,17.36,17.47,17.86,17.89,17.56,16.85,18.68,17.67,17.49,18.13,17.89,18.2,18.37,18.67,17.88,17.52,18.17,17.52,18.05,19.72,18.11,18.85,18.07,18.19,18.26,18.95,17.05,18.03,18.74,17.46,17.94,18.43,18.94,17.59,17.47,18.8,17.56,17.67,18,18.92,17.57,18.3,18.2,18.78,18.81,18.38,18.31,18.57,18.31,17.38,17.64,18.39,18.17,18.17,18.48,18.15,17.52,18.22,17.55,18.07,17.23,17.82,18.47,17.99,17.72,18.55,19.39,17.41,17.98,18.21,17.92,18.55,18,18.62,19.4,18.39,18.21,18.74,18.29,18.83,19.14,19.79,19.07,17.76,19.14,19.66,19.31,19.29,19.56,18.79,18.75,19.11,19.47,18.78,18.86,18.49,18.37,19.5,18.65,19.69,19.45,19.66,19.97,19.88,18.47,19.86,19.77,19.26
JOSEPH CITY INA,12.45,12.22,11.67,12.19,11.88,12.09,12.7,12.12,11.99,13.41,12.52,11.44,11.3,12.53,11.97,12.46,11.8,11.88,11.47,11.76,12.96,12.34,11.99,11.97,12.65,12.98,12.92,12.44,11.73,11.62,11.84,11.51,11.61,13.55,12.29,12.93,12.19,12.45,12.68,13.04,12.21,12.65,13.46,12.11,12.42,12.75,12.62,12.37,12.01,13.57,12.62,12.28,12.66,13.29,12.21,12.26,13.13,13.23,12.8,12.16,11.99,12.13,12.28,11.87,11.96,12.36,11.37,10.68,12.5,12.19,12,12.82,11.85,12.24,11.02,11.67,12.38,12.58,11.98,12.63,13.51,12.26,12.38,12.3,12.54,13.06,12.16,12.94,13.53,12.72,12.4,12.2,12.93,13.3,13.51,14.08,13.07,12.81,12.94,13.74,13.43,12.83,13.4,12.8,13.4,13.28,13.53,12.84,13.09,12.99,12.48,13.78,12.56,13.8,13.63,13.47,14.36,14.07,13.1,13.91,13.81,13.35
BILL WILLIAMS,17.67,16.9,16.63,17.75,17.48,17.03,17.5,17.22,16.67,18.08,16.67,16.12,16.23,17.6,16.72,16.76,16.91,17.04,16.78,16.53,17.8,16.99,16.44,17.03,17.23,17.64,17.51,17.91,17.41,17.11,17.74,17.02,17.39,19.03,17.22,18.13,17.44,17.56,17.73,18.52,16.62,17.5,18.18,16.8,17.03,17.47,17.66,16.85,16.57,18.04,16.8,16.92,17.3,18.13,16.82,17.77,17.41,18.01,17.88,17.47,17.66,17.78,17.62,16.64,16.86,17.6,17.16,17.12,17.49,17.15,16.48,17.38,16.85,17.39,16.73,17.34,17.85,17.55,17.09,17.88,18.6,16.78,17.11,17.4,17.18,17.68,17.25,17.74,18.54,17.47,17.43,17.75,17.5,17.98,18.36,18.9,18.18,17.13,18.37,18.75,18.47,18.4,18.59,18,18.24,18.4,18.63,18.07,18.21,17.75,17.7,18.62,17.84,18.86,18.55,18.84,19.25,18.98,17.74,19.22,18.92,18.47
PRESCOTT AMA,12.58,11.59,11,12.79,12.45,12.02,12.6,12.19,11.78,13.19,11.53,10.89,10.81,12.37,11.53,11.64,11.63,11.95,11.81,11.58,12.88,12.14,11.49,11.85,12.52,12.72,12.54,12.7,11.81,11.77,12.41,11.84,12.05,13.79,12.1,12.64,11.93,12.42,12.61,13.15,11.44,12.12,13.12,11.44,11.54,11.93,12.24,11.91,11.43,13.03,11.84,11.76,12.1,12.81,11.64,12.41,12.26,12.7,12.67,12.38,12.35,12.5,12.57,11.53,11.78,12.41,11.93,11.76,12.34,12.18,11.5,12.51,11.8,12.3,11.61,12.07,12.68,12.48,12.12,12.76,13.37,11.83,12.35,12.43,12.35,12.71,11.99,12.54,13.27,12.12,12.1,12.39,12.56,12.81,13.12,13.58,12.67,11.9,12.8,13.35,13.12,13.3,13.65,12.84,13.09,13.17,13.55,12.99,13.14,12.82,12.66,13.59,12.77,13.87,13.64,13.76,14.21,13.8,12.68,13.91,13.53,13.19
LAKE HAVASU,21.65,20.65,20.55,21.67,21.17,21.01,21.21,20.9,20.26,21.89,20.59,20.21,20.44,21.54,20.61,20.62,20.88,20.91,20.73,20.14,21.61,20.8,20.46,21.17,21.13,21.53,21.45,21.93,21.3,21.02,21.59,20.9,21.24,23.03,21.38,22.37,21.75,21.7,21.72,22.62,20.75,21.64,22.17,20.72,21,21.48,21.9,20.96,21.08,22.43,21.15,21.26,21.64,22.5,21.24,21.93,21.82,22.59,22.39,21.99,21.96,22.28,21.93,21.1,21.34,22.09,21.84,21.85,22.12,21.72,21.08,21.82,21.34,21.93,21.07,21.62,22.2,21.73,21.41,22.14,23.08,21.14,21.55,21.81,21.61,22.2,21.85,22.25,22.84,21.95,21.7,22.36,21.92,22.57,22.81,23.47,22.85,21.52,22.76,23.28,23.02,22.75,22.96,22.43,22.4,22.71,22.72,22,22.21,21.96,21.87,22.9,21.82,23.12,22.93,23.16,23.42,23.29,21.76,23.2,23.16,22.84
AGUA FRIA,16.57,15.78,15.41,16.77,16.14,15.94,16.39,16.16,15.42,16.8,15.43,14.81,14.88,16.51,15.6,15.91,15.78,15.79,15.54,15.51,16.71,15.89,15.3,15.84,16.21,16.41,16.36,16.63,15.87,15.9,16.5,15.82,15.82,17.76,15.98,16.52,15.79,15.89,15.97,16.72,15,15.73,16.84,15.2,15.47,15.84,15.99,15.72,15.35,16.91,15.7,15.67,15.92,16.73,15.31,16.36,16.01,16.41,16.51,16.23,16.25,16.47,16.4,15.28,15.51,16.17,15.88,15.81,16.16,15.95,15.38,16.28,15.44,16.07,15.4,15.65,16.28,16.03,15.65,16.36,16.91,15.34,15.59,15.98,15.95,16.34,15.92,16.4,17.13,16.04,16.03,16.11,16.17,16.52,16.77,17.25,16.55,15.43,16.65,17.09,16.87,17.09,17.32,16.59,16.89,17.01,17.35,16.7,17.02,16.42,16.6,17.44,16.5,17.45,17.35,17.57,17.95,17.4,16.23,17.8,17.52,17.31
UPPER HASSAYAMPA,16.67,15.96,15.67,16.88,16.51,16.14,16.54,16.37,15.77,17.12,15.6,15.12,15.2,16.68,15.7,15.86,15.94,15.97,15.76,15.62,16.73,15.95,15.52,15.99,16.2,16.64,16.46,16.65,16.03,16.01,16.58,16.01,16.19,17.91,16.15,16.97,16.21,16.26,16.43,17.14,15.25,16.34,17.27,15.74,15.76,16.16,16.41,15.83,15.61,17.02,15.86,15.96,16.37,17.18,15.84,16.84,16.34,16.76,16.7,16.28,16.81,16.89,16.72,15.65,15.92,16.69,16.28,16.12,16.45,16.42,15.76,16.8,16.04,16.63,16.09,16.41,17.01,16.65,16.13,16.74,17.22,15.63,15.86,16.26,16.16,16.66,16.29,16.79,17.5,16.44,16.44,16.65,16.51,16.97,17.35,17.8,17.18,16.19,17.34,17.71,17.54,17.57,17.86,17.16,17.41,17.46,17.75,17.38,17.72,17.07,17.01,17.8,17.07,17.97,17.94,18.29,18.65,18.2,17.02,18.66,18.29,17.8
TONTO CREEK,14.53,13.94,13.85,14.92,14.34,14.01,14.38,14.04,13.35,14.79,13.42,12.72,12.69,14.36,13.29,13.57,13.76,13.83,13.47,13.67,14.72,13.86,13.15,13.89,14.29,14.27,14.42,14.72,13.93,13.86,14.3,13.9,14.02,15.86,14.1,14.97,14.34,14.49,14.43,15.28,13.8,14.52,15.03,13.63,13.88,14.32,14.45,14.36,13.95,15.52,14.21,13.71,13.98,14.93,13.39,13.88,13.92,14.23,14.29,14.02,13.96,14.2,14.23,13.04,13.21,14.02,13.66,13.35,13.8,13.39,13.06,14.03,13.2,13.76,12.8,13.27,14.18,13.95,13.45,14.25,14.86,13.53,13.54,13.85,13.87,14.45,13.78,14.28,14.86,13.93,13.83,13.73,14.04,14.27,14.67,15.04,14.57,13.76,14.86,15.18,14.9,15.29,15.5,14.76,15.28,15.08,15.48,14.68,15.04,14.52,14.57,15.55,14.6,15.67,15.39,15.56,16.31,15.76,14.56,16.04,15.46,15.15
SALT RIVER,12.53,12.14,11.85,12.63,12,12.07,12.47,12.08,11.8,12.96,11.63,10.76,10.73,12.27,11.3,11.8,11.93,11.78,11.32,11.68,12.58,11.95,11.24,11.98,12.2,12.17,12.49,12.59,11.82,11.68,12.04,11.56,11.82,13.33,11.83,12.59,12.29,12.34,12.21,12.98,11.85,12.4,13.06,11.5,11.75,12.24,12.15,11.95,11.6,12.79,11.89,11.69,11.97,12.85,11.49,11.96,12.11,12.39,12.4,11.89,11.92,12.12,12.22,11.07,11.43,12.03,11.79,11.4,12,11.69,11.48,12.14,11.37,11.99,11.11,11.56,12.36,12.15,11.6,12.27,12.91,11.72,11.75,12,12,12.49,11.7,12.21,12.75,11.94,11.79,11.77,12.23,12.55,12.85,13.22,12.53,12.11,13.01,13.31,12.86,13.1,13.66,12.63,13.36,13.08,13.24,12.61,12.85,12.55,12.63,13.56,12.45,13.48,13.23,13.41,14.06,13.63,12.57,14.01,13.62,13.09
PARKER,21.37,20.74,20.93,21.45,21.12,20.97,20.9,20.95,20.48,21.83,20.46,19.9,19.9,21.18,20.12,20.1,20.24,20.48,20.38,20,21.07,20.56,20.19,20.77,20.79,21.43,21.24,21.67,21.22,20.87,21.49,20.9,21.12,22.77,21.15,22.2,21.7,21.59,21.61,22.53,20.93,21.66,22.14,20.58,20.98,21.23,21.65,20.99,21.26,22.37,21.3,21.4,21.46,22.27,21.09,21.54,21.78,22.4,22.23,21.85,21.68,22,21.67,20.88,21.24,21.82,21.57,21.53,21.79,21.27,20.68,21.56,21.27,21.8,20.84,21.4,22.04,21.96,21.36,22.26,23.1,21.42,21.87,21.88,21.57,22.21,21.88,22.03,22.63,21.87,21.66,22.14,21.85,22.3,22.77,23.3,22.58,21.26,22.1,22.64,22.46,22.07,22.53,21.83,21.82,22.05,22.15,22.16,22.13,21.81,21.63,22.6,21.92,22.84,22.57,22.81,23.04,22.78,21.5,22.56,22.47,22.17
BUTLER VALLEY,19.8,19.04,19.01,19.82,19.56,19.26,19.4,19.14,18.7,20.13,18.64,18.14,18.51,19.84,18.77,18.88,19.03,19.13,18.96,18.41,19.62,18.89,18.55,19.12,19.21,19.7,19.56,20.06,19.55,19.24,19.89,19.21,19.51,21.17,19.41,20.48,19.83,19.84,19.92,20.81,18.97,19.78,20.46,18.98,19.28,19.64,19.95,19.18,19.17,20.44,19.29,19.32,19.54,20.4,19.14,19.81,19.73,20.37,20.15,19.81,19.9,20,19.76,18.86,19.11,19.8,19.41,19.36,19.87,19.42,18.65,19.64,19.13,19.78,19.01,19.65,20.19,19.94,19.29,20.24,21.07,19.27,19.66,19.88,19.58,20.08,19.71,20.07,20.82,19.82,19.81,20.12,19.82,20.33,20.66,21.24,20.61,19.42,20.47,21,20.76,20.59,20.91,20.36,20.29,20.63,20.93,20.47,20.63,20.18,20.15,21.12,20.49,21.28,20.85,21.15,21.44,21.16,20,21.17,21.3,20.76
MCMULLEN VALLEY,18.57,17.97,17.94,18.84,18.45,18.16,18.32,17.97,17.6,19.05,17.46,17.02,17.55,19.02,17.79,18.04,18.11,18.2,18,17.48,18.62,17.91,17.67,18.04,18.29,18.82,18.61,18.97,18.44,18.31,18.83,18.25,18.47,20.09,18.28,19.44,18.75,18.76,18.76,19.84,17.81,18.63,19.48,18.1,18.37,18.56,18.91,18.33,18.17,19.28,18.39,18.32,18.71,19.66,18.17,18.83,18.89,19.52,19.51,18.94,19.13,19.08,18.93,17.95,18.17,18.83,18.61,18.58,19,18.53,17.75,18.9,18.13,18.77,18.14,18.67,19.28,18.92,18.3,19.18,19.9,18.16,18.49,18.8,18.57,19.1,18.79,19.23,19.81,18.97,18.89,19.16,18.87,19.29,19.62,20.09,19.56,18.35,19.43,19.97,19.8,19.78,20.11,19.54,19.53,19.71,20,19.64,19.92,19.26,19.24,20.12,19.46,20.2,19.92,20.43,20.75,20.38,19.21,20.59,20.48,19.84
PHOENIX AMA,20.01,19.71,19.96,20.74,20.17,19.94,20.13,20.04,19.68,21.11,19.68,19.1,19.42,20.84,19.51,19.95,19.77,19.97,19.62,19.43,20.49,19.89,19.69,20.01,20.23,20.57,20.54,20.52,19.9,19.97,20.46,19.88,20.06,21.76,20.18,21.06,20.44,20.43,20.6,21.35,19.59,20.27,21.09,19.69,19.91,20.31,20.53,20.08,19.92,21.05,20.04,20.16,20.23,21.28,19.86,20.65,20.74,21.28,21.19,20.73,20.66,20.86,20.79,19.63,19.99,20.74,20.52,20.32,20.84,20.46,19.91,20.89,20.21,20.69,19.79,20.38,21.2,20.82,20.39,21.14,21.88,20.34,20.54,20.8,20.78,21.54,21.14,21.56,22.04,21.17,21.02,21.22,21.13,21.44,21.82,22.2,21.75,20.5,21.64,22,21.89,21.86,22.16,21.6,21.81,21.85,22.16,21.72,22.12,21.44,21.39,22.22,21.49,22.27,22.16,22.55,22.75,22.24,21.3,22.77,22.45,22.14
RANEGRAS PLAIN,20.17,19.59,19.68,20.39,20.02,19.78,19.92,19.62,19.26,20.67,19.13,18.64,19.08,20.56,19.31,19.5,19.58,19.74,19.56,19.03,20.1,19.52,19.3,19.74,19.88,20.47,20.27,20.61,20.1,19.92,20.45,19.92,20.11,21.77,20.01,21.18,20.58,20.46,20.55,21.45,19.64,20.35,21.05,19.61,19.97,20.23,20.54,19.94,19.99,21.04,20,19.96,20.16,21.11,19.78,20.23,20.53,21.12,21.01,20.5,20.5,20.64,20.38,19.48,19.83,20.39,20.24,20.07,20.45,19.92,19.16,20.25,19.74,20.35,19.59,20.16,20.8,20.6,19.94,20.85,21.64,19.95,20.34,20.48,20.24,20.84,20.58,20.9,21.45,20.59,20.53,20.89,20.58,21.03,21.48,21.91,21.27,19.97,20.9,21.5,21.33,21,21.54,20.91,20.81,21.09,21.37,21.15,21.28,20.82,20.8,21.75,21.15,21.94,21.65,21.96,22.14,21.79,20.6,21.77,21.74,21.27
MORENCI,12.1,11.91,11.51,12.32,11.64,12.02,12.1,11.81,11.68,12.82,11.39,10.34,10.46,11.82,10.92,11.75,11.93,11.65,11.18,11.43,12.03,11.67,10.86,11.48,11.69,11.84,12.3,12.04,11.61,11.36,11.45,11.35,11.67,13.34,11.91,12.44,12.19,12.13,11.85,12.19,11.55,11.88,12.7,11.13,11.4,11.94,11.63,11.56,11.26,12.53,11.75,11.54,11.82,12.71,11.48,11.92,11.9,12.22,12.15,11.7,11.72,12,11.97,10.84,11.53,11.78,11.73,11.2,12.1,11.79,11.59,12.18,11.24,11.88,10.99,11.15,12.27,12.03,11.28,11.99,12.51,11.69,11.66,11.91,11.94,12.26,11.38,11.82,12.57,11.91,11.53,11.55,12.1,12.53,12.81,13.28,12.34,11.97,12.86,13.32,12.67,13.34,13.48,12.04,13.24,13.14,13.14,12.7,12.91,12.57,12.93,13.91,12.63,13.62,13.31,13.43,14.18,13.81,12.71,14.12,13.62,12.97
HARQUAHALA INA,19.64,19.18,19.31,20.23,19.64,19.36,19.69,19.38,19.03,20.46,18.89,18.43,19.03,20.56,19.23,19.52,19.48,19.63,19.43,18.96,20.02,19.37,19.21,19.52,19.78,20.3,20.08,20.32,19.78,19.75,20.24,19.7,19.87,21.51,19.76,20.9,20.17,20.14,20.25,21.14,19.14,19.91,20.74,19.37,19.63,19.92,20.2,19.69,19.66,20.62,19.61,19.66,19.93,20.9,19.47,20.13,20.39,20.98,20.94,20.42,20.32,20.35,20.22,19.34,19.65,20.25,20.02,19.85,20.28,19.63,18.87,20.16,19.46,19.99,19.26,19.82,20.62,20.42,19.9,20.64,21.33,19.72,19.98,20.24,20.07,20.72,20.55,20.89,21.37,20.53,20.53,20.81,20.51,20.91,21.36,21.69,21.09,19.87,20.84,21.39,21.23,21.08,21.55,20.95,20.98,21.11,21.4,21.11,21.46,20.76,20.73,21.53,20.88,21.69,21.53,21.85,22.08,21.57,20.48,22.05,21.55,21
SAFFORD,16.24,16.04,15.61,16.09,15.56,15.84,16.03,15.68,15.91,17.01,15.61,14.81,15.09,16.42,15.31,16.07,15.82,15.67,15.36,15.59,16.45,16.05,15.32,16.04,16.24,16.35,16.75,16.58,15.89,15.71,16,15.85,16.19,17.46,16.02,16.64,16.55,16.16,16.02,16.41,15.52,15.82,16.65,15.3,15.72,16.25,16.27,16.04,15.66,16.72,16.01,15.92,15.9,16.83,15.6,16.04,16.02,16.23,16.25,15.92,15.81,16.14,16.04,14.94,15.6,15.78,15.74,15.4,16.21,15.78,15.69,16.27,15.43,15.9,15.09,15.42,16.32,16.1,15.47,16.13,16.72,15.71,15.59,15.78,15.75,16.25,15.47,16.05,16.83,15.97,15.54,15.55,15.99,16.64,16.59,17.07,16.47,15.99,16.69,17.12,16.65,16.94,17.39,16.28,17.12,17.01,16.95,16.45,16.99,16.39,16.65,17.51,16.57,17.32,17.05,17.23,17.9,17.47,16.51,17.7,17.17,16.61
LOWER GILA,21.03,20.58,20.78,21.46,20.91,20.76,21.26,21.09,20.74,22.11,20.7,20.16,20.37,21.92,20.66,20.83,20.69,20.92,20.7,20.51,21.42,20.94,20.88,21.17,21.1,21.66,21.5,21.51,21.11,21.06,21.4,20.97,20.9,22.6,21.19,22.12,21.43,21.38,21.65,22.43,20.91,21.57,22.02,20.71,21.13,21.19,21.51,21.1,21.22,22.17,21.07,21.22,21.28,22.11,20.68,21.31,21.64,22.19,22.1,21.7,21.43,21.74,21.34,20.51,20.88,21.44,21.05,20.84,21.35,20.87,20.21,21.23,20.81,21.2,20.38,20.94,21.58,21.49,20.86,21.81,22.41,20.95,21.38,21.37,21.21,21.99,21.61,22,22.24,21.49,21.39,21.9,21.74,22,22.52,22.84,22.34,21.19,22.06,22.55,22.5,22.2,22.68,22.08,22.21,22.31,22.47,22.35,22.49,22.07,21.94,22.86,22.13,23.14,22.95,23.38,23.5,22.92,21.8,22.82,22.83,22.33
BONITA CREEK,14.08,13.77,13.47,13.96,13.29,13.63,13.8,13.38,13.55,14.59,13.25,12.33,12.46,13.84,12.79,13.56,13.61,13.42,12.92,13.25,14.04,13.55,12.84,13.59,13.72,13.74,14.2,14.07,13.51,13.37,13.53,13.28,13.59,15.06,13.65,14.32,14.08,13.98,13.82,14.34,13.45,13.84,14.62,13.13,13.37,13.9,13.79,13.71,13.34,14.54,13.66,13.56,13.63,14.56,13.32,13.89,13.76,14.03,14.05,13.76,13.63,13.95,13.9,12.78,13.36,13.74,13.57,13.16,13.88,13.52,13.33,14,13.15,13.76,12.87,13.19,14.17,13.94,13.22,13.79,14.42,13.37,13.41,13.53,13.56,14.08,13.37,13.82,14.49,13.71,13.42,13.41,13.96,14.37,14.55,14.95,14.25,13.74,14.52,15.04,14.54,14.91,15.27,14.02,15.06,14.89,14.88,14.32,14.76,14.32,14.55,15.43,14.29,15.23,14.91,15.1,15.82,15.44,14.44,15.84,15.32,14.73
LOWER SAN PEDRO,17.86,17.62,17.4,17.95,17.12,17.36,17.53,17.06,17.31,18.61,17.37,16.31,16.58,17.77,16.96,17.63,17.51,17.29,16.89,16.96,18.03,17.39,16.83,17.66,17.72,17.9,18.23,18.13,17.49,17.57,17.73,17.41,17.76,19.16,17.62,18.26,17.8,17.73,17.58,18.23,17.06,17.66,18.79,17.35,17.4,17.96,18.07,17.87,17.39,18.77,17.47,17.23,17.29,18.36,17.32,17.91,17.55,17.72,17.97,17.85,17.56,18.12,18.02,16.71,17.33,17.67,17.58,17.38,17.91,17.68,17.25,17.99,17.35,17.75,16.99,17.34,18.18,17.71,17.2,17.82,18.45,17.27,17.13,17.38,17.43,18.01,17.48,18.05,18.86,17.74,17.42,17.58,17.83,18.27,18.38,18.87,18.19,17.44,18.44,18.68,18.17,18.6,18.86,17.87,18.57,18.37,18.55,18.11,18.7,18.01,18.08,19.04,18.26,18.96,18.43,18.72,19.46,18.92,17.99,19.39,18.88,18.39
PINAL AMA,19.98,19.76,19.92,20.45,20.3,20.06,19.97,19.65,19.67,21.14,19.78,18.99,19.28,20.66,19.37,19.97,19.77,19.88,19.33,19.08,20.12,19.65,19.29,19.74,19.92,20.28,20.32,20.32,19.73,19.77,20.08,19.57,19.72,21.28,19.81,20.73,20.18,20.04,20.37,21.02,19.46,20.03,20.87,19.42,19.77,19.97,20.26,20.01,19.9,21.01,20.43,20.51,20.33,21.14,19.61,20.59,20.77,21.07,21.05,20.6,20.59,20.9,20.76,19.4,19.97,20.56,20.28,19.91,20.68,20.29,19.66,20.48,19.98,20.4,19.5,20.11,20.87,20.66,20.08,21,21.57,20.14,20.24,20.3,20.5,21,20.7,21.11,21.68,20.75,20.3,20.68,20.68,20.98,21.24,21.51,21.22,20.06,21.2,21.41,21.35,21.44,21.74,21.05,21.45,21.3,21.62,21.11,21.65,20.9,20.81,21.48,20.7,21.52,21.45,21.83,22.15,21.71,20.89,22.13,21.75,21.31
DRIPPING SPRING WASH,18.11,17.85,17.49,18.11,17.49,17.49,17.9,17.34,17.44,18.67,17.45,16.64,16.84,18.09,17.16,17.76,17.72,17.53,17.05,17.48,18.52,17.82,17.16,17.96,18.04,18.14,18.41,18.42,17.61,17.49,17.78,17.18,17.54,19,17.54,18.36,17.85,17.78,17.7,18.54,17.13,17.64,18.61,17.27,17.52,18.17,18.3,18.09,17.69,18.94,17.68,17.62,17.53,18.72,17.57,18.2,17.86,18.18,18.34,18.09,17.81,18.22,18.14,16.88,17.43,17.95,17.68,17.58,18.15,17.83,17.38,18.19,17.53,17.94,16.94,17.46,18.32,17.73,17.34,17.85,18.6,17.24,17.41,17.62,17.56,18.11,17.72,18.27,19.1,17.92,17.61,17.75,17.92,18.41,18.64,19.07,18.52,17.66,18.7,19.01,18.49,18.92,19.14,18.13,18.92,18.76,18.86,18.32,18.73,18.14,18.3,19.25,18.33,19.18,18.44,19.01,19.68,19.13,18.07,19.57,19.11,18.59
GILA BEND,20.8,20.36,20.7,21.62,20.92,20.65,21.15,21.07,20.77,22.1,20.88,20.21,20.46,21.86,20.42,20.55,20.66,21.01,20.72,20.59,21.62,21.07,20.75,21.24,21.28,21.81,21.52,21.52,20.9,20.99,21.37,20.92,20.84,22.56,21.32,21.88,20.92,21.17,21.61,22.39,20.64,21.32,21.98,20.63,20.91,21.29,21.56,21.03,20.92,21.93,21,21.18,21.19,22.15,20.61,21.46,21.81,22.26,22.12,21.79,21.59,21.88,21.56,20.51,20.84,21.51,21.13,20.71,21.5,21.27,20.56,21.55,21.16,21.55,20.66,21.29,22.1,21.91,21.41,22.18,22.69,21.12,21.48,21.59,21.78,22.5,22.05,22.25,22.54,21.84,21.78,22.2,21.93,22.19,22.61,22.83,22.5,21.23,22.03,22.56,22.66,22.5,22.86,22.34,22.5,22.56,22.82,22.52,22.77,22.23,22.08,22.86,22.08,22.98,22.74,23.13,23.43,22.9,22.04,22.9,22.64,22.22
DONNELLY WASH,19.72,19.41,19.12,19.77,19.38,19.22,19.5,19.03,19.03,20.38,19.1,18.25,18.52,19.9,18.93,19.54,19.38,19.27,18.68,18.91,19.91,19.27,18.82,19.46,19.48,19.65,19.99,19.93,19.26,19.2,19.45,18.92,19.18,20.75,19.25,20.02,19.48,19.36,19.47,20.23,18.74,19.31,20.51,19.23,19.08,19.73,19.81,19.54,19.31,20.82,19.69,19.65,19.44,20.62,19.48,20.19,19.77,20.28,20.3,20,19.75,20.03,20.01,18.59,19.05,19.79,19.44,19.36,19.98,19.78,19.16,19.92,19.44,19.85,18.94,19.47,20.31,19.64,19.54,19.84,20.54,19.05,19.34,19.6,19.57,20.14,19.86,20.2,21.02,19.95,19.67,19.9,20.04,20.35,20.53,20.91,20.41,19.23,20.68,20.81,20.49,20.84,20.97,20.1,20.58,20.52,20.62,20.1,20.53,19.86,19.94,20.76,20.02,20.8,20.39,20.79,21.35,20.82,19.84,21.2,20.66,20.27
DUNCAN VALLEY,15.68,15.36,14.73,15.35,14.97,15.41,15.78,15.57,15.97,16.95,15.45,14.6,14.91,16.06,14.92,15.76,15.82,15.66,15.36,15.25,16.08,15.7,15.1,15.62,15.68,16.12,16.63,16.12,15.94,15.62,15.7,15.68,16.25,17.8,16.39,16.71,16.59,16.31,16.03,16.21,15.64,15.9,16.65,15.27,15.59,16.16,16.07,15.58,15.12,16.18,15.85,15.66,15.75,16.62,15.37,15.59,15.78,16.15,16.01,15.7,15.57,15.84,15.75,14.82,15.58,15.5,15.62,15.18,15.95,15.41,15.44,15.8,15,15.57,14.8,15.02,15.91,15.8,14.98,15.73,16.37,15.4,15.21,15.44,15.46,16.03,15.05,15.56,16.27,15.6,15.1,15.18,15.79,16.39,16.12,16.61,15.89,15.59,16.23,16.87,16.4,16.75,17.21,15.93,16.78,16.59,16.54,15.97,16.53,15.96,16.27,17.06,16.05,16.75,16.67,16.75,17.41,17.11,16.17,17.24,16.76,16.12
ARAVAIPA CANYON,16.4,16.17,15.92,16.54,15.5,15.82,15.98,15.51,15.67,16.84,15.52,14.47,14.83,16.15,15.33,16.01,15.83,15.64,15.23,15.47,16.49,15.89,15.2,16.08,16.08,16.2,16.54,16.41,15.76,15.83,16,15.73,16.04,17.43,15.91,16.58,16.19,16.06,15.91,16.55,15.46,16.06,17.05,15.58,15.78,16.41,16.62,16.21,15.79,17.07,15.79,15.63,15.6,16.67,15.7,16.27,15.82,16.08,16.35,16.21,16.02,16.48,16.35,15.13,15.76,16.05,16.07,15.7,16.33,16.15,15.69,16.57,15.8,16.06,15.32,15.66,16.54,16.03,15.53,16.19,16.74,15.65,15.56,15.75,15.77,16.36,15.74,16.33,17.07,15.97,15.65,15.81,16.11,16.58,16.7,17.11,16.51,15.79,16.74,17.07,16.49,16.92,17.2,16.23,17.02,16.85,16.95,16.48,16.99,16.41,16.55,17.47,16.55,17.34,16.78,17.13,17.89,17.31,16.31,17.76,17.17,16.66
YUMA,22.14,21.67,22.04,22.22,21.94,22.18,21.72,21.58,20.9,22.24,21.12,21.04,20.88,22.26,21.21,21.36,21.57,21.65,21.35,21.03,22.01,21.55,21.49,21.93,21.92,22.38,22.08,22.32,21.91,21.84,22.08,21.54,21.77,23.46,21.93,22.81,22.37,21.99,22.33,23.01,21.63,22.15,22.93,21.49,22.04,22.1,22.26,21.77,22.2,23.21,22.34,22.6,22.45,23.31,22.06,22.69,22.85,23.58,23.13,22.71,22.37,22.71,22.46,21.46,21.75,22.49,22.1,22.18,22.58,22.11,21.34,22.18,21.99,22.53,21.53,22.04,22.79,22.85,22.51,23.13,23.77,22.2,22.88,22.78,22.54,23.27,22.93,23.18,23.61,22.95,22.86,23.49,23.3,23.28,23.9,24.24,23.66,22.57,23.12,23.45,23.64,23.06,23.53,23.18,23.4,23.37,23.24,23.58,23.4,22.99,22.69,23.79,23.26,24.46,24.22,24.39,24.55,24.08,22.97,24.07,24.07,23.65
TUCSON AMA,18.65,18.33,18.12,18.63,18.08,18.21,18.27,17.84,17.99,19.31,18.18,17.09,17.38,18.69,17.72,18.33,18.17,18.31,17.55,17.6,18.46,18.02,17.61,18.19,18.37,18.7,18.95,18.9,18.17,18.36,18.37,18.16,18.37,19.67,18.27,19.06,18.54,18.48,18.66,19.17,18.1,18.77,19.66,18.2,18.14,18.46,18.48,18.46,18.24,19.57,18.7,18.47,18.51,19.42,17.98,18.72,18.71,18.88,18.99,18.76,18.61,19.01,19.01,17.51,18.25,18.62,18.64,18.44,18.88,18.65,18.04,18.76,18.2,18.67,18.02,18.41,19.05,18.88,18.44,19.19,19.59,18.37,18.21,18.36,18.55,19.3,18.6,19.12,19.87,18.76,18.49,18.78,18.95,19.31,19.45,19.87,19.28,18.44,19.44,19.67,19.28,19.63,19.93,19.01,19.68,19.51,19.59,19.17,19.81,19.14,19.15,19.86,19.22,19.98,19.64,19.87,20.56,20,19.03,20.41,19.69,19.23
WILLCOX,15.53,15.36,14.88,15.17,14.65,14.92,15.04,14.7,15.04,15.88,14.71,13.49,13.93,15.24,14.4,15.18,14.53,14.48,14.07,14.17,15.07,14.88,14.08,14.9,14.91,15.2,15.51,15.25,14.39,14.48,14.67,14.58,14.89,16.18,14.78,15.32,15.47,15.03,14.87,15.34,14.58,14.96,15.76,14.3,14.75,15.32,15.3,15.09,14.67,15.92,15.16,15.05,15.17,16.18,14.87,15.35,15.19,15.53,15.45,15.09,15.07,15.43,15.26,14.03,14.92,14.82,14.94,14.53,15.28,14.98,14.9,15.5,14.75,15.13,14.56,14.61,15.52,15.42,15.01,15.61,15.8,15.09,14.78,14.96,15.03,15.41,14.55,15.09,15.86,15.09,14.66,14.85,15.35,15.99,15.87,16.33,15.64,15.23,15.58,16.04,15.61,15.92,16.45,15.33,16.12,16.09,16.02,15.69,16.14,15.55,15.71,16.54,15.56,16.42,16.07,16.24,16.9,16.47,15.64,16.74,16.12,15.53
SAN SIMON WASH,19.99,19.52,19.55,19.98,19.53,19.48,19.57,19.3,19.35,20.62,19.35,18.52,18.83,20.15,18.97,19.5,19.53,19.52,19,18.99,19.95,19.52,19.1,19.42,19.56,20.07,20.15,20.11,19.44,19.54,19.77,19.38,19.48,20.94,19.59,20.6,19.82,19.6,19.93,20.66,19.4,19.97,20.8,19.19,19.24,19.48,19.62,19.5,19.37,20.71,19.81,19.77,19.77,20.68,19.07,20.05,20.3,20.45,20.22,19.86,19.86,20.48,20.03,18.67,19.19,19.79,19.68,19.53,20.05,19.74,19.14,20,19.53,19.94,19.12,19.66,20.31,20.04,19.51,20.4,20.91,19.55,19.48,19.74,19.8,20.59,19.96,20.46,21.12,20.14,19.75,20.12,20.12,20.42,20.6,21.08,20.63,19.6,20.7,20.92,20.68,20.8,21.09,20.31,20.88,20.77,21.01,20.54,21.19,20.4,20.25,20.82,20.13,21.18,20.92,21.27,21.71,21.19,20.33,21.38,21.19,20.65
UPPER SAN PEDRO,16.53,16.37,16.16,16.39,15.1,15.79,15.79,15.85,16.29,17.09,16.06,15,15.38,16.45,15.73,16.5,16.47,16.22,15.75,15.64,16.69,16.07,15.24,15.98,16.11,16.27,16.71,16.5,15.84,16.03,16.12,16.24,16.39,17.53,16.28,16.83,16.72,16.5,16.14,16.55,15.89,16.53,17.23,15.69,16,16.29,16.11,16.11,15.55,17.12,16.15,15.82,16.19,17.14,15.85,16.51,16.44,16.42,16.56,16.29,16.29,16.69,16.52,15.31,16.04,16.06,16.16,15.81,16.42,16.08,15.89,16.45,15.92,16.28,15.72,15.7,16.58,16.55,16.1,16.78,16.85,16.32,15.8,15.99,16.03,16.64,15.76,16.32,17.13,16.16,15.84,16.04,16.62,16.92,16.87,17.44,16.67,16.24,16.75,17.07,16.47,16.88,17.18,16.11,17.02,16.88,16.9,16.62,17.2,16.5,16.74,17.62,16.83,17.63,17.07,17.37,17.97,17.47,16.61,17.98,17.52,16.6
WESTERN MEXICAN DRAINAGE,21.32,20.82,20.97,21.45,20.87,20.8,21.1,20.97,20.74,22.07,20.69,20.08,20.34,21.76,20.5,20.76,20.68,20.9,20.57,20.39,21.29,20.85,20.65,21.05,21.1,21.67,21.5,21.54,21.02,21.03,21.34,20.92,20.88,22.55,21.15,22.01,21.28,21.19,21.52,22.25,20.82,21.39,21.99,20.48,20.76,21.06,21.19,20.86,20.94,22.09,21.13,21.21,21.36,22.15,20.73,21.55,21.7,22.15,21.88,21.59,21.39,21.73,21.41,20.43,20.81,21.3,21.03,20.84,21.38,20.95,20.39,21.38,20.96,21.4,20.63,21.17,21.85,21.53,20.97,21.9,22.48,20.95,21.13,21.32,21.24,22.12,21.62,22.08,22.56,21.72,21.49,21.96,21.83,21.98,22.4,22.86,22.45,21.28,22.22,22.52,22.46,22.26,22.57,21.95,22.26,22.2,22.42,22.26,22.5,22.02,21.8,22.52,21.81,23.04,22.83,23.25,23.48,22.93,21.92,22.82,22.73,22.21
CIENEGA CREEK,16.18,15.87,15.75,16.06,14.99,15.56,15.52,15.3,15.78,16.74,15.58,14.43,14.81,15.93,15.18,15.89,15.83,15.76,14.93,14.98,15.89,15.43,14.7,14.93,15.42,15.89,16.24,16.15,15.33,15.7,15.69,15.83,16.01,17.12,15.75,16.45,16.01,15.93,15.83,16.3,15.38,16.16,16.89,15.4,15.34,15.69,15.61,15.49,15.04,16.66,15.63,15.26,15.45,16.3,14.85,15.56,15.82,15.73,15.84,15.65,15.58,15.9,15.86,14.52,15.28,15.46,15.58,15.3,15.73,15.46,15.11,15.78,15.23,15.59,15.08,15.11,15.93,15.92,15.58,16.21,16.45,15.64,15.2,15.43,15.52,16.11,15.2,15.77,16.59,15.51,15.19,15.52,15.99,16.31,16.43,16.92,16.27,15.67,16.24,16.47,15.91,16.49,16.85,15.77,16.57,16.38,16.29,16.02,16.65,15.97,16.14,16.84,16.21,16.93,16.45,16.77,17.46,16.98,15.93,17.33,16.76,16.08
DOUGLAS,16.2,16.16,15.8,15.98,15.19,15.59,15.66,15.58,15.83,16.75,15.65,14.6,15.03,16.01,15.52,16.12,15.93,15.84,15.44,15.5,16.34,15.98,15.44,16.12,16.13,15.97,16.49,16.11,15.58,15.58,15.76,15.69,16.08,17.04,15.88,16.41,16.48,16.24,15.88,16.4,15.5,16.13,16.8,15.23,15.73,16.15,16.02,15.92,15.3,16.73,15.9,15.84,16.14,17.1,15.78,16.39,16.19,16.2,16.41,16.12,16.06,16.41,16.28,15.05,15.86,15.73,15.85,15.52,16.18,15.81,15.71,16.21,15.58,16.03,15.48,15.41,16.18,16.13,15.82,16.39,16.52,16.15,15.58,15.83,15.69,16.22,15.36,15.89,16.78,15.88,15.48,15.93,16.57,17.05,17.03,17.41,16.38,16.02,16.36,16.7,16.12,16.61,17.05,15.78,16.73,16.64,16.54,16.38,16.8,16.23,16.49,17.31,16.28,17.17,16.73,16.98,17.63,17.15,16.27,17.63,17.36,16.5
DOUGLAS INA,16.74,16.58,16.14,16.48,16.2,16.35,16.36,16.2,16.46,17.36,16.43,15.38,15.83,16.62,16.06,16.93,16.34,16.22,15.73,15.65,16.49,16.24,15.87,16.33,16.42,16.46,17.03,16.71,15.95,16.12,16.28,15.99,16.42,17.43,16.42,17.04,17.01,16.78,16.52,17.03,16.44,16.81,17.38,16.06,16.37,16.64,16.56,16.59,15.96,17.18,16.51,16.52,16.55,17.53,16.11,16.64,16.81,16.76,16.88,16.46,16.65,16.97,16.86,15.59,16.45,16.21,16.41,16.02,16.62,16.36,16.25,16.67,16.03,16.49,15.97,16.04,16.83,16.71,16.31,16.89,17.18,16.7,16.02,16.34,16.4,16.8,15.96,16.44,17.35,16.49,16.16,16.29,16.83,17.37,17.25,17.72,17.08,16.71,16.99,17.37,16.75,17.34,17.8,16.67,17.4,17.03,17.16,17.1,17.57,16.91,17.26,17.94,16.73,17.56,17.37,17.47,18.04,17.72,16.77,18.15,17.73,17.09